user_id,degree,community_id,weighted_degree,pagerank,政客bias,媒体bias
25073877,52,0,158.0,0.0005260727411183,,
964658316021587970,11,0,30.0,0.000890804956475,,
816736590412337158,4,0,16.0,0.0006527818885866,,
282098746,15,1,33.0,0.0016104606454987,,
7744592,8,1,19.0,0.001765336332153,,
236487888,20,1,53.0,0.0005260727411183,,
631816995,17,1,32.0,0.0009153988555078,,
785287888833548289,17,13,32.0,0.0007762603430646,,
818446043629101056,16,13,47.0,0.0032118820985592,,
1083467443647979521,15,0,43.0,0.0016292117404506,,
1505915954,18,0,60.0,0.002241619096842,,
992870137240764417,4,0,15.0,0.0008897079622823,,
2353605901,7,0,17.0,0.0005260727411183,,
4872993094,17,0,37.0,0.0023785359613586,,
2771588954,5,3,15.0,0.0009917717681086,,
29270341,5,3,16.0,0.0025236157962026,,
11134252,10,0,27.0,0.0030182225952238,,
2228878592,18,4,43.0,0.0005260727411183,,
1131542859902083072,3,4,10.0,0.0008329576806001,,
1196133331433394177,7,0,14.0,0.0013092393263452,,
259001548,10,0,20.0,0.0005317350678283,,
2865907814,28,5,42.0,0.0005326510324432,,
326098537,17,5,27.0,0.0006545765502775,,
967797299391983616,16,13,27.0,0.000789218097811,,
729676086632656900,7,0,21.0,0.004581918079858,,
2540607781,5,6,11.0,0.000760648586005,,
939091,88,6,141.0,0.0117833275199087,,
1073047860260814848,21,13,40.0,0.0005260727411183,,
839132575310430208,30,13,54.0,0.0025571872096389,,
330553026,14,6,20.0,0.0007090111322028,,
59862199,9,6,14.0,0.0019283356679483,,
797127998164107264,4,13,14.0,0.0011183224037014,,
34860936,20,13,55.0,0.0076317062871514,,
857472736725155844,13,13,37.0,0.0010788901959352,,
2300454984,14,13,22.0,0.0015641781780215,,
900894056728940545,10,13,20.0,0.0006725940772445,,
1172545640360022019,5,13,12.0,0.0010517326869923,,
878980172342579200,5,13,11.0,0.0005799833114758,,
1110304448868433920,7,13,19.0,0.0010092373397587,,
936858992,2,0,7.0,0.0005681781660625,,
3885806474,26,13,40.0,0.0014466261497542,,
822215673812119553,7,0,11.0,0.0021141434906179,,
3353061012,7,0,21.0,0.002103565475829,,
849448663546040320,11,6,16.0,0.0007166870468599,,
1086976130819809280,17,1,23.0,0.0006821441119087,,
1434240264,17,6,23.0,0.0010263254873211,,
1172589774235938816,4,4,8.0,0.0005780871376406,,
800570658929262592,23,6,34.0,0.0006296595575045,,
129264927,14,6,18.0,0.001260973774668,,
1000075108491382784,22,13,34.0,0.0018187119952123,,
779742611628175360,6,13,13.0,0.0005260727411183,,
24970656,18,13,32.0,0.0006193321496667,,
919667724535648262,3,13,6.0,0.000865876457887,,
817825066993860608,10,13,14.0,0.0015103044541844,,
967027984426242053,52,6,75.0,0.0005260727411183,,
357232722,14,6,19.0,0.0009023909509465,,
1044296977859538944,3,3,7.0,0.0008070310882939,,
1382330306,15,13,22.0,0.0017076069964339,,
830886553123700736,2,13,8.0,0.0006068878440307,,
65497475,27,13,50.0,0.0028469657281145,,
216776631,42,7,64.0,0.0008581917846018,,
947964830358622209,3,7,6.0,0.0005731317540864,,
21563711,1,4,4.0,0.0005676842583362,,
1148756502934540289,4,7,7.0,0.000994703079092,,
3827654235,29,13,41.0,0.0013276147685161,,
22203756,4,0,8.0,0.0018813669963718,,
357606935,49,5,68.0,0.0005260727411183,,
437171587,19,5,22.0,0.0005873962625233,,
954845161309253632,6,0,14.0,0.0008118166897059,,
22307579,24,13,36.0,0.0013077816588289,,
742736402102652929,17,1,21.0,0.001549770091656,,
752037810,16,6,19.0,0.0008208461178964,,
2501984838,3,1,6.0,0.0009658800294043,,
707253890299744256,16,0,26.0,0.0007582281362294,,
41634520,3,0,7.0,0.0009497443523159,,
962320061036933120,13,6,16.0,0.0011127595697435,,
25202268,7,0,15.0,0.0021253812875192,,
325164172,16,13,29.0,0.0005941052840963,,
2500055300,10,4,16.0,0.0009040019496899,,
1070785811396919297,12,0,18.0,0.0016372877040591,,
134971995,15,9,20.0,0.001042474694894,,
17919393,1,9,4.0,0.0007624159495575,,
931286316,3,0,10.0,0.001064862312802,,
4751330773,19,5,22.0,0.0010712465818228,,
45592950,11,13,27.0,0.0015019585553663,,
52416576,11,6,16.0,0.0034691486680015,,
774699551764525056,9,0,17.0,0.0016159428109841,,
15731757,4,13,9.0,0.0010839200788275,,
786179658,11,13,15.0,0.0006962313636587,,
2323448533,6,1,10.0,0.0011742241693738,,
754455561417089024,17,6,24.0,0.0029312425870771,,
20640982,32,6,40.0,0.0006378305174841,,
17204460,7,6,9.0,0.0010077060083438,,
895332348270661632,22,1,30.0,0.0010044867536839,,
820352025271468032,15,6,18.0,0.0009450253591817,,
63514682,2,6,4.0,0.000869049569733,,
3017400805,13,6,17.0,0.0008737268132019,,
521996289,19,7,22.0,0.0021185870944939,,
18266688,11,0,15.0,0.0005260727411183,,
760293057929420803,3,0,6.0,0.0005289039044733,,
2230551446,13,6,16.0,0.0007698649831735,,
617266600,6,5,9.0,0.000624385389379,,
4771610420,4,5,7.0,0.0008966844008802,,
1164013468854431744,3,4,5.0,0.0005572813790317,,
949934436,17,6,19.0,0.0005260727411183,,
313037820,10,6,13.0,0.0018001410346522,,
832102581111382016,16,6,18.0,0.0007670146942242,,
3224321133,22,13,31.0,0.0010570108557831,,
14247236,8,1,10.0,0.0013246282993912,,
408875175,7,4,12.0,0.0005572813790317,,
349115430,8,6,12.0,0.0007674343187032,,
734768872625188864,16,6,19.0,0.0023841200944589,,
21258337,3,4,6.0,0.001146982403455,,
1210594819497549825,12,13,18.0,0.000608706235463,,
15115280,22,13,27.0,0.0023261523400702,,
3141672447,14,7,19.0,0.0009219500017668,,
802584787,17,7,22.0,0.0019700646920884,,
1127683471592296448,15,0,24.0,0.0006674865750509,,
1139976128456617984,14,4,19.0,0.0021378429180109,,
817382752731463680,3,0,5.0,0.0010052536621049,,
402888514,36,13,39.0,0.0035548324230147,,
454447505,11,0,13.0,0.0006389417868715,,
3191478638,19,6,23.0,0.000940063877757,,
47471027,1,6,3.0,0.00071045194466,,
50124767,17,5,21.0,0.0008331914779031,,
286476728,3,5,5.0,0.0023324086455094,,
858136801537556480,11,7,13.0,0.0029527854907071,,
246590464,8,0,10.0,0.0014989556856238,,
4081106480,3,0,7.0,0.0015812437774712,,
3074932775,13,13,18.0,0.0005576489749733,,
803774148338188289,19,13,24.0,0.0022095200946133,,
1009577803304656896,31,13,43.0,0.0031009214943342,,
25436570,1,0,3.0,0.0005345662311833,,
212391284,6,13,10.0,0.0031178947418303,,
1123329338,7,5,10.0,0.0005723690654625,,
321774180,8,13,10.0,0.0013419926410785,,
1164356807776702465,10,13,15.0,0.0043065986269273,,
864487498935787520,10,13,14.0,0.0019649996888198,,
862435303881023488,7,13,9.0,0.0043162233437549,,
758859209614041088,5,7,8.0,0.0006524671239513,,
838976832,4,7,6.0,0.0013582557761608,,
23318036,5,6,8.0,0.000846476494527,,
755057200901398528,17,6,21.0,0.0060055777858539,,
2655144752,15,6,19.0,0.0014034050312705,,
4560567675,12,13,19.0,0.0036473517985944,,
402091536,10,13,12.0,0.0006803577765921,,
454513795,7,0,9.0,0.0006905307333201,,
996859430900727808,2,0,4.0,0.0024824776124045,,
752248514,4,6,5.0,0.000574546654382,,
2176138431,21,6,22.0,0.0006404007334345,,
111664523,4,6,5.0,0.0007249939606652,,
1169665468715716608,4,13,7.0,0.0005650748341269,,
34916539,2,0,4.0,0.0005317350678283,,
17642747,1,13,2.0,0.0005260727411183,,
738786290313920513,9,5,10.0,0.0007695194162918,,
32517688,3,9,6.0,0.0011468232415342,,
534630009,19,6,22.0,0.0014489376057289,,
1219807037304885249,14,13,16.0,0.0008844633652606,,
1099701111416442880,15,13,17.0,0.0008806043882359,,
485376798,16,5,17.0,0.0006305966795057,,
91882544,3,0,5.0,0.001168323166773,,
43014978,9,13,13.0,0.0005260727411183,,
2918212191,14,7,18.0,0.0016113958254766,,
4917550806,16,7,21.0,0.0013441107754766,,
1651208408,11,6,12.0,0.0006790148819022,,
1612071392,14,5,15.0,0.0005699695284433,,
4165642155,6,0,10.0,0.0005624236330247,,
3003886063,1,13,2.0,0.0005260727411183,,
2389738746,17,6,19.0,0.0007284316827096,,
865602530574688257,16,1,20.0,0.0010542181692931,,
63013144,10,13,13.0,0.0010768838578447,,
467726691,30,6,35.0,0.0035516673967499,,
477012156,48,6,52.0,0.0005320370585862,,
888053122962149380,19,6,20.0,0.0008369845331149,,
1049171,3,6,4.0,0.0005260727411183,,
2217145184,10,6,11.0,0.000884053630063,,
27952164,10,9,12.0,0.0006175870191452,,
14185317,2,9,3.0,0.0007275544600557,,
534023,1,0,2.0,0.0007954675269602,,
1640929196,6,13,12.0,0.0008073306772412,,
27282113,12,13,13.0,0.0005846242004972,,
846801440706351104,4,5,7.0,0.0005260727411183,,
138168339,4,5,5.0,0.0005260727411183,,
881564280180531200,11,5,12.0,0.002229856335575,,
136550204,2,9,4.0,0.0010671294931048,,
1214683688694427648,17,6,21.0,0.0012440313867304,,
16475267,6,6,7.0,0.0017993298096058,,
918302785011093504,13,6,14.0,0.0005409074202294,,
4459642286,15,6,19.0,0.000854125038283,,
366498596,3,3,4.0,0.0005260727411183,,
799111347111751680,1,0,2.0,0.0007059639044675,,
975448388,8,5,9.0,0.0005326510324432,,
7860902,6,5,7.0,0.0014864161224655,,
809963614249619456,12,13,13.0,0.0024141352922955,,
831319111414210560,14,5,15.0,0.0041158670609392,,
216065430,38,5,41.0,0.0064589990804842,,
2502938032,19,6,21.0,0.0038977204291055,,
837420063351259140,10,13,12.0,0.0005781926932726,,
36807657,9,13,14.0,0.001352218014068,,
4482329417,1,13,2.0,0.0005650748341269,,
1204026067855519744,6,13,7.0,0.0009098524780822,,
14372270,5,7,6.0,0.0016545087476748,,
75063842,11,13,15.0,0.0005260727411183,,
399178595,9,6,10.0,0.0005260727411183,,
1122623265673891840,14,5,16.0,0.0008109823359457,,
40735297,19,5,20.0,0.001830899005758,,
26642006,7,6,8.0,0.0022276401997584,,
940409602155282432,2,0,4.0,0.0007954675269602,,
960285302899298304,1,0,2.0,0.0012029080329412,,
3058713120,3,6,4.0,0.0008445843785219,,
1078457644736827392,23,6,28.0,0.0007114028569034,,
27493883,27,6,30.0,0.0005956910060651,,
978864793477054465,4,0,6.0,0.0005260727411183,,
2155027064,5,4,6.0,0.0022019979879466,,
30626499,10,6,11.0,0.0007199016225473,,
4270724112,2,6,3.0,0.0007708919154805,,
1649395076,11,6,14.0,0.0006402468183609,,
29073978,16,5,17.0,0.0009122702937078,,
1106501,8,5,9.0,0.0010358557618069,,
715044396,1,0,2.0,0.0005317350678283,,
753367570669903873,4,13,7.0,0.0007837523277024,,
63218422,12,6,14.0,0.0006299418924932,,
4486093643,3,13,4.0,0.0007463075017978,,
26306441,4,13,5.0,0.0008036685820534,,
829191420103766016,11,13,16.0,0.0006057406350443,,
108977933,4,13,5.0,0.0007922756963315,,
3383116294,23,13,25.0,0.0006352022273997,,
385162111,9,6,13.0,0.0008656707317586,,
809586511331074048,7,6,8.0,0.0027221717042328,,
16582131,10,6,13.0,0.0006300023154497,,
1080807139,9,6,15.0,0.0026102833253294,,
34093672,14,6,16.0,0.0005727028595037,,
778763106289758208,2,0,3.0,0.0006969523617651,,
811215353183424513,18,6,19.0,0.0006351298286821,,
2559436158,15,7,16.0,0.0013112198977638,,
18320938,8,13,10.0,0.0011515655233647,,
1075121162743676928,2,13,4.0,0.0007656740090196,,
1078741623197048832,16,6,17.0,0.0006916757041565,,
166329578,4,13,5.0,0.0008824081654488,,
4870478255,17,6,19.0,0.0008979174135026,,
2470055959,19,6,23.0,0.0006766272746032,,
203649189,15,13,18.0,0.000640898308202,,
2574904722,11,13,14.0,0.0006777033217058,,
884026348515115008,12,13,16.0,0.0019674056150367,,
1523891821,3,6,4.0,0.0007799094091422,,
389512058,1,0,2.0,0.0008691753443136,,
38029205,6,13,7.0,0.0009262838282047,,
727614725882662912,15,6,17.0,0.0018633249785428,,
823992170768121857,18,6,20.0,0.0007941894359732,,
885661050,6,7,8.0,0.0008988425828618,,
23554832,2,6,3.0,0.000644279048051,,
1685873604,9,13,12.0,0.0012654971779272,,
27995424,1,0,2.0,0.0008691753443136,,
1153872343275622402,4,13,5.0,0.000928026652505,,
3316346737,4,7,5.0,0.0006173879591257,,
164679813,25,6,27.0,0.0005260727411183,,
2750799759,14,5,16.0,0.0006306138437549,,
1001254470800424960,3,0,5.0,0.0005317350678283,,
347627434,5,0,6.0,0.0008534329431676,,
18509967,4,13,8.0,0.0008714341151961,,
292565344,5,4,6.0,0.0016920369718346,,
3981225735,2,0,3.0,0.0005919490336136,,
1317738854,6,1,7.0,0.0006508127771059,,
212445456,4,1,5.0,0.0020715209716187,,
727840825661661184,11,6,13.0,0.0005701053184507,,
115129636,4,13,5.0,0.0006791184143358,,
162301746,4,0,6.0,0.0005587254918128,,
1071931879538884608,4,4,5.0,0.0007951978503322,,
341194704,4,0,6.0,0.0005260727411183,,
714949505720823808,14,0,15.0,0.0019023549419138,,
1100182336132579329,5,7,6.0,0.0009995837560816,,
121965768,10,13,11.0,0.0006349197416955,,
21059255,50,6,62.0,0.0005260727411183,,
818893114979061761,7,13,10.0,0.0005260727411183,,
828444718392627202,9,7,10.0,0.0029971766927813,,
379690254,1,0,2.0,0.0005317350678283,,
927751333247111168,2,6,3.0,0.0009056292629427,,
61015562,3,0,4.0,0.0007982655776947,,
964549422645424128,9,5,10.0,0.0038355563719763,,
51241418,10,6,12.0,0.0010241243121799,,
2178932921,3,13,5.0,0.0005495311762203,,
27943005,15,13,18.0,0.0015922589176182,,
19038210,16,13,17.0,0.000759732245371,,
15771723,21,7,23.0,0.0009204212420898,,
755057897583804416,9,7,11.0,0.0012567103654891,,
797932204168876032,18,6,20.0,0.0021192705728634,,
33537967,44,6,50.0,0.001061480080724,,
158414847,1,4,2.0,0.0005468784997272,,
15455253,2,0,3.0,0.0005260727411183,,
3530404094,1,0,2.0,0.0006671307744256,,
739844197935644672,5,13,6.0,0.000879243051133,,
945012234215755776,6,7,9.0,0.001031774190809,,
2977031254,18,13,22.0,0.0005260727411183,,
804758133113397248,24,13,27.0,0.0013710843299609,,
1121521087945162752,3,4,4.0,0.0005260727411183,,
353432348,4,4,5.0,0.0013585409034592,,
1108472017144201216,4,0,5.0,0.0008711641518149,,
483605396,10,13,11.0,0.0032487588405335,,
1022225378054569984,4,7,6.0,0.0015282041388386,,
1466174058,2,10,3.0,0.0005523645951642,,
30288543,1,10,2.0,0.0009957465053634,,
20800248,3,13,4.0,0.000782291217381,,
799010005655633922,1,1,2.0,0.0006327824692158,,
471677441,14,1,17.0,0.0005345128130068,,
829816396469194752,13,13,14.0,0.0007022033166578,,
123281100,11,13,13.0,0.0005260727411183,,
1089233982422577152,11,7,12.0,0.0018008035353185,,
1068285150641995776,4,7,7.0,0.0012367276266768,,
3128563494,15,5,19.0,0.0011358868105216,,
12354832,24,6,25.0,0.0089146728760192,,
4071896566,14,5,17.0,0.0125914450454067,,
1218605146462216193,11,6,12.0,0.0008093017062847,,
2905369549,20,6,23.0,0.0010143142926565,,
1286506538,16,6,18.0,0.0007022657878411,,
158286198,3,0,5.0,0.0011324964282366,,
796899745889402880,10,0,11.0,0.0007404072701592,,
68752979,4,7,5.0,0.0007656878555607,,
220863206,3,13,4.0,0.0006504440309041,,
169472184,18,5,20.0,0.0013081200412552,,
817158775610179584,5,0,7.0,0.0013688920576827,,
934500442364559360,4,13,5.0,0.0005462765168464,,
528999980,3,0,4.0,0.0008597674111456,,
3188352661,8,6,10.0,0.0020046248290765,,
1034868411354861568,9,6,10.0,0.0006532767242123,,
930882041566068742,2,7,3.0,0.0018144280546487,,
1041718006747820032,1,6,2.0,0.0007714285961592,,
824126001936474113,1,13,2.0,0.0006924089521927,,
929072087880421376,3,0,4.0,0.0011966561891597,,
72627916,1,11,2.0,0.0005260727411183,,
65728343,1,11,2.0,0.0009733965512105,,
1106771843929788419,1,13,2.0,0.0007405135128748,,
18534077,2,7,3.0,0.0007454535510054,,
78685709,1,0,2.0,0.0005317350678283,,
803091707361251328,9,6,10.0,0.0012678090182635,,
468097166,16,6,19.0,0.001128900277945,,
832368258766434304,16,6,17.0,0.0006508552931018,,
1127347059676385280,17,6,20.0,0.0009579695367828,,
1383905040,17,6,21.0,0.0012400955321501,,
896496644656685056,23,6,26.0,0.0015810687835067,,
3421301013,5,13,6.0,0.0007064520855369,,
244655353,6,9,7.0,0.0005260727411183,,
851751855487148032,12,9,15.0,0.0012465158329351,,
19080151,2,13,3.0,0.0005260727411183,,
797408396,13,6,14.0,0.0006607953113945,,
291336460,13,13,15.0,0.0009163588273052,,
292083207,2,7,3.0,0.0005260727411183,,
880589099140296704,3,7,4.0,0.0008360533677551,,
281383605,16,5,17.0,0.0005547006117171,,
21293089,5,5,6.0,0.00073971191295,,
326756275,4,7,5.0,0.0012629246693776,,
814979549503115264,15,0,22.0,0.001890994827881,,
269913457,14,6,15.0,0.0010716535701708,,
63996778,4,0,5.0,0.0005814377133941,,
454099919,12,6,13.0,0.000575780172632,,
969269686130049025,19,6,20.0,0.000690451808321,,
80897255,10,13,11.0,0.0006454890793585,,
292929271,5,0,9.0,0.000619806435455,,
14839147,1,0,2.0,0.0005260727411183,,
1148738277735895040,18,13,24.0,0.0075308829495762,,
61734492,4,13,5.0,0.0009270874077496,,
16740433,3,0,4.0,0.0005874498715111,,
72076895,4,6,5.0,0.0005260727411183,,
766719206247108608,3,6,4.0,0.0008196301736783,,
832170559,3,4,4.0,0.0005468784997272,,
926859582302928896,14,6,16.0,0.000775307027435,,
1091216816,1,0,2.0,0.0005891178702586,,
1198635975251025924,16,7,17.0,0.0008679618301517,,
15976705,5,13,7.0,0.0008584552881946,,
779476491092434944,4,0,5.0,0.0006159767649714,,
13900252,9,5,10.0,0.000819674278068,,
767444621383311360,15,6,16.0,0.0013449924947534,,
16959075,2,7,3.0,0.0005260727411183,,
845348489777332229,4,7,5.0,0.0019090978383982,,
46512964,17,6,18.0,0.0007560313578553,,
50769180,3,0,4.0,0.0005567613063147,,
878247600096509952,2,0,3.0,0.0005260727411183,,
4900058284,34,6,35.0,0.0005260727411183,,
25645203,7,6,8.0,0.0006502468911046,,
1056234954458193920,7,7,8.0,0.0005900781699854,,
2936492047,2,7,3.0,0.0008455483515866,,
829715365223682048,4,7,5.0,0.0005260727411183,,
4771249940,14,7,15.0,0.0041177294228539,,
2801177472,2,0,3.0,0.0007963723002134,,
113364160,6,7,8.0,0.0005260727411183,,
810590628727914496,2,5,3.0,0.0005260727411183,,
172511244,4,0,5.0,0.0005260727411183,,
1095406392662323200,11,7,13.0,0.0007435218154687,,
860654500431880192,5,6,6.0,0.0005405025414439,,
279673090,2,7,3.0,0.0006524671239513,,
1591400760,1,1,2.0,0.0005260727411183,,
45399148,4,1,5.0,0.0005260727411183,,
2986727763,3,7,4.0,0.0009562381704581,,
7027112,5,13,7.0,0.0007153478811747,,
21522338,3,7,4.0,0.0006844749280975,,
388383447,15,7,18.0,0.0023708612973717,,
429227921,5,7,6.0,0.0005998453529521,,
813738086282694656,3,6,4.0,0.0005260727411183,,
972180115252752384,3,6,4.0,0.0008157353189432,,
26637348,8,4,9.0,0.0005260727411183,,
31403779,3,9,4.0,0.0005260727411183,,
49698134,4,9,5.0,0.000815364882492,,
125453969,24,6,25.0,0.0005558943284578,,
21495530,12,6,13.0,0.0007094182945886,,
881998724720996353,5,7,6.0,0.0006497739289032,,
4541535439,4,6,5.0,0.0005260727411183,,
3345579826,20,5,21.0,0.0013238656515086,,
235784044,14,6,15.0,0.0011807233179748,,
3930472251,6,13,7.0,0.0005842287978514,,
179732982,6,9,7.0,0.0007292602125285,,
897607805334544388,2,0,3.0,0.0008700214953089,,
1230524319102578688,3,13,6.0,0.0039613569600026,,
532774390,1,13,2.0,0.0037231150835614,,
489716862,4,13,5.0,0.0005260727411183,,
15770620,2,1,4.0,0.0007235898213488,,
246103,17,6,18.0,0.0005409074202294,,
874323410,1,6,2.0,0.0005835628821183,,
563712850,1,0,2.0,0.0005891178702586,,
1080477288955826176,1,6,2.0,0.0007328292300746,,
25837289,1,0,2.0,0.0008691753443136,,
46775436,2,13,3.0,0.0005646398005973,,
744313625398108160,2,13,3.0,0.0005260727411183,,
1225147380284018688,1,13,2.0,0.0005260727411183,,
160244947,19,6,20.0,0.0006120514467467,,
2800581040,6,6,7.0,0.0005260727411183,,
2573480784,15,6,15.0,0.0005260727411183,,
2421067430,5,6,5.0,0.0005558943284578,,
20068679,2,7,2.0,0.0005260727411183,,
864442399191420928,1,13,1.0,0.0005857638252808,,
812135885328236551,2,0,2.0,0.0008580926279973,,
240760644,4,0,4.0,0.0017908087884037,,
792096589191852033,4,0,4.0,0.0007812572107346,,
1001592024254971904,4,7,4.0,0.0005260727411183,,
230014111,8,7,8.0,0.0013112712654751,,
703069812050829313,11,7,11.0,0.001203059124279,,
16664309,9,7,9.0,0.0006379036936413,,
133081348,4,7,4.0,0.0009019582164998,,
221609949,2,7,2.0,0.0005260727411183,,
22879254,6,6,6.0,0.0007968117554882,,
3400444895,14,6,14.0,0.0010098809903877,,
1159058331320901633,5,12,5.0,0.0009733965512105,,
1036689453895610370,1,12,1.0,0.0007328655757361,,
261852987,3,6,3.0,0.0006257418844049,,
16912124,11,6,11.0,0.0007775765504717,,
126901915,20,6,20.0,0.0007033327056084,,
19084896,12,6,12.0,0.0006286189952686,,
1218076646546333696,3,6,3.0,0.0012546166553894,,
14270650,1,1,1.0,0.0005260727411183,,
742453163098296320,8,7,8.0,0.0014354180959357,,
24127811,1,7,1.0,0.0005260727411183,,
823998756655861760,4,7,4.0,0.0005558943284578,,
711408636153561088,12,6,12.0,0.0005349431027615,,
1018697824282656768,3,6,3.0,0.0005326510324432,,
25974425,1,6,1.0,0.0005260727411183,,
1098382485296173056,17,13,17.0,0.0008852979689228,,
16581604,15,6,15.0,0.0006070925388668,,
194071815,2,7,2.0,0.0007056894051647,,
1586031511,1,5,1.0,0.0005260727411183,,
327862439,5,13,5.0,0.0005260727411183,,
234865212,3,6,3.0,0.0006155375031367,,
818246053468262401,11,6,11.0,0.0005683610973004,,
15879633,2,6,2.0,0.0005864768918067,,
569526862,14,6,14.0,0.0006537607407038,,
212657985,2,5,2.0,0.000623400361844,,
90803598,6,7,6.0,0.0019790063955799,,
811514954159443968,3,7,3.0,0.0009627124037673,,
2674458072,6,7,6.0,0.0005260727411183,,
21862217,15,7,15.0,0.0005260727411183,,
2833177377,6,6,6.0,0.0006635632091428,,
626455898,3,6,3.0,0.0005260727411183,,
3296142256,5,6,5.0,0.0007900749168579,,
78231411,14,6,14.0,0.0005998453529521,,
297632458,2,5,2.0,0.000559365909533,,
2457340711,2,7,2.0,0.0005558943284578,,
98992586,3,7,3.0,0.0005757753866841,,
21612122,8,6,8.0,0.000877213734616,,
23834525,2,5,2.0,0.0005496160995442,,
828073846011949056,10,6,10.0,0.0010630867179576,,
761167885720956929,3,7,3.0,0.0005260727411183,,
2192887524,5,7,5.0,0.0008168332176782,,
40907388,4,7,4.0,0.0005260727411183,,
21348880,2,0,2.0,0.0007522305750419,,
260423814,14,5,14.0,0.0006686998805455,,
39308549,1,0,1.0,0.0005260727411183,,
1182346921920348161,2,6,2.0,0.0005260727411183,,
63227112,4,5,4.0,0.0005921815405151,,
16497947,2,5,2.0,0.0005260727411183,,
818870559069048833,13,6,13.0,0.0013242862914039,,
896536097655853059,5,6,5.0,0.0008944816563821,,
38979357,7,6,7.0,0.0005260727411183,,
798918201107251201,5,6,5.0,0.0005260727411183,,
17717593,1,6,1.0,0.0005260727411183,,
14529929,1,13,1.0,0.0006155375031367,,
328756439,9,6,9.0,0.0019587456045242,,
242849343,14,6,14.0,0.0007573574114872,,
816652616625168388,3,0,3.0,0.0005260727411183,,
449018696,1,0,1.0,0.0005260727411183,,
21950364,6,6,6.0,0.0005260727411183,,
16721452,3,6,3.0,0.0007667425242659,,
824320363257413633,8,6,8.0,0.0006502386644427,,
17847906,1,6,1.0,0.0006399698343642,,
398959876,14,6,14.0,0.0006919821899706,,
457743272,9,6,9.0,0.0007859923543569,,
226222147,19,6,19.0,0.0005260727411183,,
33913156,1,6,1.0,0.0005455516661629,,
850543150909333505,3,7,3.0,0.0006389725781006,,
851335608702189568,5,7,5.0,0.0016464689049185,,
208828684,3,5,3.0,0.0006486686989379,,
351120282,2,14,2.0,0.0005260727411183,,
22799251,1,14,1.0,0.0007497346461644,,
1099802447973773312,24,5,24.0,0.000926105270717,,
16076032,4,7,4.0,0.0005260727411183,,
766355890689675264,4,6,4.0,0.0006232307347436,,
1067293117,2,7,2.0,0.0005260727411183,,
3257227629,2,7,2.0,0.0005260727411183,,
376453771,3,0,3.0,0.0005260727411183,,
142386580,3,7,3.0,0.0009398130816164,,
2249531,2,6,2.0,0.0005982221772236,,
204444440,4,0,4.0,0.0008940121118742,,
971796616213561344,1,0,1.0,0.0005567613063147,,
86129724,2,13,2.0,0.0005980838530901,,
758729592672653312,1,0,1.0,0.0005289039044733,,
106711386,1,14,1.0,0.0007497346461644,,
1136709465082945538,1,0,1.0,0.0005260727411183,,
731649894805463040,6,0,6.0,0.0005260727411183,,
2852597261,2,0,2.0,0.0007430765771769,,
23903580,11,7,11.0,0.0012328203069734,,
16106584,2,4,2.0,0.000600626709467,,
96675300,2,6,2.0,0.0006910849724087,,
27187343,3,7,3.0,0.0006958317050297,,
30706364,2,7,2.0,0.0005260727411183,,
1137033067128926214,1,6,1.0,0.0005260727411183,,
830159625093783552,3,6,3.0,0.0009733965512105,,
94076386,3,7,3.0,0.0005558943284578,,
111216929,1,7,1.0,0.0005260727411183,,
170641465,4,7,4.0,0.0007367115908434,,
2300480005,6,7,6.0,0.0006379036936413,,
1062510213918449664,3,3,3.0,0.0005814584048443,,
24258355,2,7,2.0,0.0005720903827923,,
818927131883356161,2,0,2.0,0.0005289039044733,,
864663235923820545,4,5,4.0,0.0005260727411183,,
1148461061999194112,3,7,3.0,0.0005378374943603,,
1026549584963747846,2,7,2.0,0.0005260727411183,,
734783792502575105,2,6,2.0,0.0007098477599185,,
21908201,4,6,4.0,0.0007969758141433,,
2861436041,5,6,5.0,0.0005260727411183,,
1184593454485200897,16,6,16.0,0.0009954306746726,,
21001599,11,6,11.0,0.0005260727411183,,
3041768317,6,5,6.0,0.0005371193216831,,
1654453249,2,6,2.0,0.0007483378422245,,
47379354,4,6,4.0,0.0005486356029954,,
16523905,2,0,2.0,0.0008633235466778,,
14278608,3,5,3.0,0.0005779197000987,,
44774107,1,0,1.0,0.0005939686404795,,
2199541,3,13,3.0,0.0005657790907149,,
586749256,2,5,2.0,0.0006431687645023,,
1121492192235806721,2,5,2.0,0.0005701275968948,,
2805934129,1,5,1.0,0.001010817903369,,
14702822,1,5,1.0,0.0006064251739093,,
187429137,2,1,2.0,0.0005920734138972,,
753623149929869312,5,7,5.0,0.0014916089207391,,
24578794,3,6,3.0,0.0005260727411183,,
68672927,15,6,15.0,0.000765684975716,,
2420848054,1,6,1.0,0.0005904471906462,,
14820509,4,6,4.0,0.0007581747180529,,
1073777869791191040,4,6,4.0,0.0007417889201263,,
4476084275,13,6,13.0,0.0007195108317682,,
755835576,1,6,1.0,0.0006325939604819,,
20866038,2,6,2.0,0.0005260727411183,,
259863564,8,5,8.0,0.0008895733249124,,
1101626341,7,5,7.0,0.0008896468421678,,
1082197856,1,0,1.0,0.0005260727411183,,
14542977,2,5,2.0,0.0005260727411183,,
1042951616,12,6,12.0,0.0013250428249731,,
101816065,1,5,1.0,0.0006064251739093,,
393469195,2,0,2.0,0.0005260727411183,,
759201588594499584,1,0,1.0,0.0005260727411183,,
1659267216,2,0,2.0,0.0010633005750636,,
14966163,1,7,1.0,0.0005260727411183,,
971051135996964864,1,6,1.0,0.0005260727411183,,
631310817,2,6,2.0,0.0007143584229406,,
14828860,4,0,4.0,0.0005260727411183,,
16930125,4,6,4.0,0.000825847637246,,
1866938882,3,13,3.0,0.0005260727411183,,
1099059530132946945,5,6,5.0,0.0016578555327574,,
1049530141565698049,3,7,3.0,0.0015766185640059,,
426028646,5,6,5.0,0.0012166724912538,,
14619600,4,5,4.0,0.0010838170054191,,
2567365058,3,3,3.0,0.0005260727411183,,
713839291210792960,1,6,1.0,0.0005332876412811,,
2298722492,1,0,1.0,0.0006607701340392,,
959285851875196928,2,0,2.0,0.0006127710543554,,
26346508,2,9,2.0,0.0005260727411183,,
1219799093024657408,1,0,1.0,0.0007758286811261,,
200534193,3,7,3.0,0.0006682401683555,,
375691728,10,5,10.0,0.0017008098760897,,
309469811,1,0,1.0,0.0007758286811261,,
476193064,2,7,2.0,0.0008588758734876,,
19682187,21,5,21.0,0.0015752909812175,,
4884213678,10,5,10.0,0.0005372558363706,,
22799750,2,6,2.0,0.0007129304688676,,
827546290221367297,2,7,2.0,0.0006096987611847,,
49303023,4,6,4.0,0.0006448436145389,,
1221462414744596483,1,6,1.0,0.0005260727411183,,
601148702,6,6,6.0,0.0005822580106192,,
10292132,2,0,2.0,0.0005260727411183,,
2347323266,7,13,7.0,0.0006155375031367,,
65045121,2,7,2.0,0.0018055785421175,,
4483083621,2,7,2.0,0.0006751806778157,,
16873455,6,6,6.0,0.0011679654015628,,
826226272418283520,1,6,1.0,0.0005260727411183,,
17243913,3,6,3.0,0.0005260727411183,,
848390172450443270,4,7,4.0,0.0005260727411183,,
88802201,4,7,4.0,0.0011562463470144,,
1549651490,12,6,12.0,0.0008872851598096,,
3103213542,8,6,8.0,0.0005555804170121,,
893316758987128833,2,13,2.0,0.0005260727411183,,
3430882365,8,7,8.0,0.0006116101061941,,
18464266,5,7,5.0,0.0005558943284578,,
2535367145,6,7,6.0,0.0006938191699029,,
155933135,10,5,10.0,0.0007752487279895,,
359080538,1,6,1.0,0.0006155375031367,,
130557513,3,7,3.0,0.0009019260433344,,
1228353000390975489,2,0,2.0,0.0007736460448234,,
2324708472,3,13,3.0,0.0005619046059247,,
271932229,1,5,1.0,0.0005777508922943,,
23022687,1,0,1.0,0.0007382713551868,,
188945540,11,7,11.0,0.0011520517494439,,
391488297,1,6,1.0,0.0010226883365097,,
615765636,12,5,12.0,0.0008058121310754,,
44215023,1,5,1.0,0.0006495676861289,,
2863996955,2,1,2.0,0.0007564512226643,,
3690888203,3,7,3.0,0.0006836217340019,,
1060487274,1,0,1.0,0.0006207048855446,,
15970820,3,7,3.0,0.0025074078837606,,
20182089,1,13,1.0,0.0006092408466555,,
246500501,2,4,2.0,0.0005260727411183,,
1166889294801395718,7,7,7.0,0.0005326510324432,,
14895030,1,0,1.0,0.0005260727411183,,
4813986674,1,6,1.0,0.0006122290189781,,
834081571493785600,4,6,4.0,0.0010364825987115,,
2747374096,2,7,2.0,0.0007219240445214,,
323599188,2,7,2.0,0.0011859446858679,,
1206356911,2,7,2.0,0.0005558943284578,,
4432916014,8,7,8.0,0.0017417239070624,,
298109087,1,1,1.0,0.0005855680668246,,
1090642487268524032,2,13,2.0,0.0006518314641986,,
22084427,8,7,8.0,0.0030246718153556,,
20094409,8,6,8.0,0.0020886675806419,,
3000889809,4,13,4.0,0.0015746842546033,,
48144950,2,6,2.0,0.0006782963114538,,
329115426,3,7,3.0,0.0012663661735297,,
15212187,2,0,2.0,0.0011209709458064,,
1450298610,1,7,1.0,0.0005720903827923,,
1154192584635551744,6,5,6.0,0.001356351452325,,
751283435382067202,4,6,4.0,0.0015311794654845,,
825829081866436608,3,6,3.0,0.0007191817497691,,
536904693,8,6,8.0,0.0019339086936163,,
174751002,1,0,1.0,0.0007382713551868,,
1151933252,11,13,11.0,0.0014569354021934,,
1129095209772552192,4,6,4.0,0.0015853705658111,,
76837768,21,7,21.0,0.0023188724766438,,
473448810,3,7,3.0,0.0005260727411183,,
2800444856,2,4,2.0,0.0005260727411183,,
17050431,4,7,4.0,0.001524478277435,,
17685258,1,0,1.0,0.0005260727411183,,
15220768,25,6,25.0,0.0032834828080954,,
370519648,7,1,7.0,0.0008883412731187,,
45122898,3,7,3.0,0.0010291622784922,,
492833134,3,0,3.0,0.0005567613063147,,
4710708974,1,0,1.0,0.0005260727411183,,
759511663116709888,12,3,12.0,0.0007902469220456,,
419849905,3,7,3.0,0.0006836217340019,,
825518870421180416,9,6,9.0,0.0012186357224143,,
519072324,2,7,2.0,0.0005260727411183,,
466519303,3,7,3.0,0.0006782963114538,,
1093619068148559872,13,6,13.0,0.001536189812787,,
435331179,17,7,17.0,0.0029989418667129,,
143169070,2,0,2.0,0.0008164234993705,,
40353407,1,13,1.0,0.0005988901548482,,
1651522832,2,13,2.0,0.0005260727411183,,
25387735,4,5,4.0,0.0006799628042741,,
255812611,1,6,1.0,0.0006345466266967,,
2908170952,1,0,1.0,0.0005575953056885,,
1218623947434024960,1,0,1.0,0.0005939686404795,,
362028861,1,4,1.0,0.0006899034502335,,
39245720,4,7,4.0,0.0014510886099134,,
1234319262048714752,1,0,1.0,0.0007485276000093,,
72664580,2,1,2.0,0.0007310064111692,,
3589010426,2,13,2.0,0.000612683866752,,
1130823729574010880,2,4,2.0,0.0007855901847583,,
33235771,4,5,4.0,0.0007265178665462,,
246357149,1,6,1.0,0.0006085888761083,,
47455112,2,7,2.0,0.0005260727411183,,
1880725393,1,7,1.0,0.0005378374943603,,
49034507,1,0,1.0,0.0007485276000093,,
28901450,2,7,2.0,0.002631848655962,,
818948638890217473,3,0,3.0,0.0006246572056759,,
592730371,2,0,2.0,0.0011958514101014,,
1360615250,1,0,1.0,0.0005260727411183,,
1732089247,3,0,3.0,0.0011011348536546,,
827934520112472065,1,15,1.0,0.0005260727411183,,
93429412,1,15,1.0,0.0009733965512105,,
716750760734822400,2,13,2.0,0.0006586919698128,,
52701308,1,6,1.0,0.0006120514467467,,
1208321980027547649,1,7,1.0,0.0008731850928875,,
2717961126,7,6,7.0,0.0019198449400789,,
110466097,2,13,2.0,0.0006537077612779,,
34785922,4,6,4.0,0.0009217482669958,,
52631277,4,13,4.0,0.0007980594488145,,
815708250217840640,2,6,2.0,0.0020397525438364,,
2985335882,1,0,1.0,0.0005289039044733,,
1111636173099663360,15,6,15.0,0.0017675600306416,,
276688330,1,5,1.0,0.0005658189599845,,
455684839,6,13,6.0,0.0008941550456802,,
1073588049588772864,2,0,2.0,0.0006567814181483,,
4866651125,2,7,2.0,0.0005720903827923,,
823558302290341888,2,13,2.0,0.000641185120071,,
568412239,4,7,4.0,0.0014150996699171,,
55080227,2,4,2.0,0.0005260727411183,,
21891609,3,4,3.0,0.000835100585697,,
237845487,8,5,8.0,0.0014658184842863,,
1060004673405489152,6,4,6.0,0.0009540303803588,,
23314049,8,5,8.0,0.0011538823743598,,
14660096,4,6,4.0,0.0011477715858094,,
329433192,5,6,5.0,0.0013210503611156,,
713899036030345216,2,4,2.0,0.0005260727411183,,
963223121363861504,8,6,8.0,0.0012511408691639,,
202952121,2,0,2.0,0.0005890835648496,,
771152516,6,7,6.0,0.0008823502773402,,
1018720749929066497,1,12,1.0,0.0007328655757361,,
207325070,3,5,3.0,0.0010430081923317,,
189376144,7,7,7.0,0.0022252546810504,,
120668752,2,4,2.0,0.0007497346461644,,
1193004107759529986,4,13,4.0,0.0006122736654476,,
44177383,11,5,11.0,0.0012914173193785,,
1043517152278372353,2,13,2.0,0.0010028032863962,,
2316383071,1,5,1.0,0.0005748090933779,,
2382106993,6,6,6.0,0.0012811972258707,,
823313834622468096,1,13,1.0,0.0006013199638759,,
20744708,14,5,14.0,0.0029585357341714,,
1648203012,5,13,5.0,0.0010314912485264,,
892219807,3,5,3.0,0.0010966981517238,,
20178419,7,5,7.0,0.0019899193018006,,
14551462,4,7,4.0,0.0005558943284578,,
836408868355846145,1,7,1.0,0.0006836217340019,,
246939630,8,5,8.0,0.0009909861755774,,
58579942,2,0,2.0,0.0009461383162012,,
37190937,1,4,1.0,0.0007855901847583,,
313663341,12,7,12.0,0.0029000001673517,,
40028863,15,6,15.0,0.0038268874907197,,
242883110,1,6,1.0,0.0005608527437821,,
16002085,2,6,2.0,0.0008604906994442,,
57039392,1,7,1.0,0.0017289078555689,,
35516339,3,7,3.0,0.000813817158119,,
16113072,1,5,1.0,0.0005850850259727,,
21635593,2,7,2.0,0.0006557164028587,,
223166587,1,5,1.0,0.0005748111354012,,
493714995,5,5,5.0,0.0006970773306375,,
18018355,1,6,1.0,0.0005496160995442,,
1383272101,4,5,4.0,0.0010802849973219,,
15138822,8,5,8.0,0.0029625951207598,,
34556109,1,5,1.0,0.0005260727411183,,
926620369,3,6,3.0,0.0009642075605683,,
349803020,12,6,12.0,0.0019486993478807,,
62986634,6,4,6.0,0.001660901655907,,
2845756735,5,5,5.0,0.0017822497806646,,
3836008983,2,0,2.0,0.0005587254918128,,
26900055,1,0,1.0,0.0008738023020139,,
965231053119148032,3,5,3.0,0.0011261143954108,,
889543524055691264,1,0,1.0,0.0005289039044733,,
927705228,7,13,7.0,0.001149096055219,,
1086663039095578624,1,6,1.0,0.0005747568214799,,
15576928,7,5,7.0,0.0013179797065733,,
213088974,1,5,1.0,0.0005965529353206,,
4686170306,1,4,1.0,0.0011633203153999,,
850411759190106112,1,0,1.0,0.0005289039044733,,
801549353227841536,2,13,2.0,0.0006013199638759,,
794962652556443649,4,7,4.0,0.0012420688781929,,
4560982642,2,5,2.0,0.0009325178225095,,
22843167,2,5,2.0,0.0007672238482362,,
17434625,1,5,1.0,0.00162380087593,,
774407512598704128,10,6,10.0,0.001304422104004,,
387980164,2,4,2.0,0.0014909737528988,,
465046121,28,5,28.0,0.0073366005612073,,
817440474428542976,4,13,4.0,0.0007110068284434,,
33662614,5,6,5.0,0.0010812792457758,,
14683257,5,5,5.0,0.0019129361691423,,
72198806,12,6,12.0,0.0021911615277231,,
461720085,2,5,2.0,0.0007273039720136,,
35475290,2,6,2.0,0.0009170967417957,,
795789,1,5,1.0,0.0006456892508834,,
2329697455,1,7,1.0,0.0006735143994269,,
880485091969052673,2,4,2.0,0.0008744401345667,,
16072058,2,5,2.0,0.000659780037958,,
800942537083068416,6,5,6.0,0.0012861697661134,,
26657119,2,13,2.0,0.0009083956795752,,
16116288,1,6,1.0,0.0005260727411183,,
14962779,2,6,2.0,0.0010767747956886,,
15858853,2,5,2.0,0.0006174136569639,,
1047214868473008129,5,7,5.0,0.001858222363735,,
4282171,5,6,5.0,0.0011018162758973,,
2315698776,1,0,1.0,0.0008738023020139,,
16370091,6,7,6.0,0.0029480349797676,,
3194695945,2,6,2.0,0.0006408873396809,,
25085537,1,5,1.0,0.0008531170619099,,
302083418,3,5,3.0,0.0006420629655947,,
165511377,3,5,3.0,0.0010483331810248,,
833490683503722496,13,5,13.0,0.004127060973028,,
1434535430,1,13,1.0,0.0005524645570471,,
15007149,13,6,13.0,0.0055890868641888,,
378295286,1,4,1.0,0.0005260727411183,,
1332630685,2,4,2.0,0.0009733965512105,,
4899354976,1,0,1.0,0.0006751806778157,,
460233029,4,7,4.0,0.0022011219814831,,
63262233,6,5,6.0,0.0029893113653926,,
89257543,1,5,1.0,0.0005675168207942,,
3090444435,2,13,2.0,0.0006510185511616,,
50669520,2,5,2.0,0.0006291398817492,,
534675241,3,7,3.0,0.0025557366523156,,
20736218,3,5,3.0,0.0006456892508834,,
801468014285754368,1,6,1.0,0.0005486356029954,,
3018812896,6,13,6.0,0.0011020944313551,,
548384458,1,13,1.0,0.000682559342045,,
24931027,1,13,1.0,0.0006092408466555,,
15162136,1,5,1.0,0.0005260727411183,,
13696,5,5,5.0,0.0033460489603609,,
3432209199,1,4,1.0,0.0007963257249299,,
901063185305882624,3,0,3.0,0.000778439861486,,
18156757,5,5,5.0,0.0016723724181865,,
124763921,5,7,5.0,0.0021631244313104,,
15808765,16,6,16.0,0.0022716420658524,,
1029833847637245952,5,6,5.0,0.0019003621365361,,
196791424,1,7,1.0,0.0005260727411183,,
30354991,29,6,29.0,0.0070830515154733,,
234186830,7,5,7.0,0.0044724260974387,,
1210398164878024704,1,4,1.0,0.0005787199411677,,
188793260,3,7,3.0,0.0012754652967575,,
142490217,7,5,7.0,0.0014085870557692,,
150078976,27,6,27.0,0.0042469417765126,,
820705814906339328,1,7,1.0,0.0010643888246763,,
2169559673,6,6,6.0,0.0055894907823344,,
123655512,1,7,1.0,0.0013474010754715,,
299273962,2,5,2.0,0.0011301270527276,,
9589252,2,5,2.0,0.0006909236770009,,
163296200,1,5,1.0,0.0005260727411183,,
15554922,4,1,4.0,0.0025814672818894,,
800463336630403072,4,6,4.0,0.0016415261151956,,
59130623,4,5,4.0,0.0009441466764467,,
269448653,1,5,1.0,0.0005910922209643,,
30395567,1,6,1.0,0.0005260727411183,,
817523233859637249,1,9,1.0,0.0005851585432281,,
1159585651110666246,2,5,2.0,0.0008708695000715,,
260759782,7,5,7.0,0.0028186883474501,,
4735385897,3,4,3.0,0.0009578593230187,,
842566801582178306,6,7,6.0,0.0025486197739299,,
229552128,1,7,1.0,0.000644234485781,,
19553409,1,4,1.0,0.0007963257249299,,
1136317807954731014,3,7,3.0,0.0014978074748676,,
171598736,2,6,2.0,0.0005749879750782,,
18247062,1,0,1.0,0.0005575953056885,,
17949565,3,7,3.0,0.001175616307969,,
1108416564238258176,1,6,1.0,0.0007146152671725,,
31058145,5,5,5.0,0.0065209669412961,,
181195680,2,6,2.0,0.0018400412799078,,
60919240,1,6,1.0,0.0006431687645023,,
729874563073445888,3,4,3.0,0.0015846803839844,,
1129795903852875776,1,7,1.0,0.0008822592365708,,
20388490,2,9,2.0,0.0006969894957511,,
1096797880583667713,3,6,3.0,0.0007766000590976,,
1055070224305807361,3,7,3.0,0.0015044501155502,,
14296273,2,7,2.0,0.000870887622219,,
2314055840,10,5,10.0,0.0076744553915497,,
154136730,4,5,4.0,0.0031702109274048,,
112764405,1,5,1.0,0.0005768305187074,,
226253646,3,13,3.0,0.0008013008087281,,
260449211,2,5,2.0,0.0006923159861702,,
71028123,4,6,4.0,0.0017513361873206,,
1109276714864205824,2,13,2.0,0.0006181527688872,,
741977462028926976,1,8,1.0,0.0005260727411183,,
14344823,1,8,1.0,0.0009733965512105,,
39469575,1,7,1.0,0.0005998453529521,,
826882538467647488,1,13,1.0,0.0005980838530901,,
1471293368,1,5,1.0,0.0005260727411183,,
17442048,3,6,3.0,0.0007115405384067,,
19362341,1,2,1.0,0.0005260727411183,,
1144598168757293056,1,2,1.0,0.0009733965512105,,
1332887239,1,7,1.0,0.000612750731645,,
18028893,4,5,4.0,0.000976739003301,,
1074129612,3,6,3.0,0.001102313011284,,
963790885937995777,2,3,2.0,0.0006742946506724,,
1093774442264707072,1,0,1.0,0.0005260727411183,,
18646108,2,0,2.0,0.0012411050760866,,
108710418,4,6,4.0,0.0009622373402257,,
212674482,1,5,1.0,0.0005623522560493,,
878403801987727360,5,7,5.0,0.0036769853915452,,
2490427410,1,7,1.0,0.0005998453529521,,
269405965,1,12,1.0,0.0005260727411183,,
21905129,3,7,3.0,0.0006235745579613,,
89887215,1,13,1.0,0.0005903497012272,,
89820928,2,5,2.0,0.0025798858418975,,
